auction_id,event_time,bidder_id,bid_amount
1,2026-08-24 09:17:20,BR-3042,1860000
1,2026-08-24 09:33:46,BR-3056,1910000
1,2026-08-24 09:45:13,BR-3023,1960000
1,2026-08-24 09:56:38,BR-3056,1970000
1,2026-08-24 10:15:53,BR-3043,1980000
1,2026-08-24 10:35:21,BR-3036,2000000
1,2026-08-24 10:54:07,BR-3023,2010000
1,2026-08-24 11:21:31,BR-3055,2030000
1,2026-08-24 11:31:01,BR-3042,2060000
1,2026-08-24 11:46:30,BR-3023,2080000
1,2026-08-24 12:03:03,BR-3043,2100000
1,2026-08-24 12:23:52,BR-3056,2150000
1,2026-08-24 12:32:32,BR-3055,2180000
1,2026-08-24 13:02:25,BR-3042,2190000
1,2026-08-24 13:05:46,BR-3055,2200000
1,2026-08-24 13:23:25,BR-3023,2210000
1,2026-08-24 13:38:51,BR-3045,2230000
1,2026-08-24 13:45:22,BR-3032,2260000
1,2026-08-24 13:53:13,BR-3043,2270000
1,2026-08-24 14:15:19,BR-3032,2290000
1,2026-08-24 14:23:09,BR-3055,2340000
1,2026-08-24 14:25:50,BR-3042,2390000
1,2026-08-24 14:26:02,BR-3042,2400000
1,2026-08-24 14:29:55,BR-3032,2410000
1,2026-08-24 14:38:38,BR-3043,2420000
1,2026-08-24 14:43:19,BR-3032,2450000
1,2026-08-24 14:58:09,BR-3042,2460000
1,2026-08-24 15:05:32,BR-3043,2470000
1,2026-08-24 15:12:00,BR-3045,2480000
1,2026-08-24 15:21:31,BR-3032,2500000
1,2026-08-24 15:26:23,BR-3043,2520000
1,2026-08-24 15:26:56,BR-3032,2540000
1,2026-08-24 15:31:59,BR-3045,2570000
1,2026-08-24 15:36:51,BR-3043,2590000
1,2026-08-24 15:38:00,BR-3032,2600000
1,2026-08-24 15:39:18,BR-3045,2620000
1,2026-08-24 15:40:58,BR-3043,2670000
1,2026-08-24 15:44:33,BR-3032,2680000
1,2026-08-24 15:46:35,BR-3043,2690000
1,2026-08-24 15:48:17,BR-3032,2700000
2,2026-08-24 12:17:07,BR-3019,4220000
2,2026-08-24 12:56:36,BR-3008,4270000
2,2026-08-24 13:10:30,BR-3019,4290000
2,2026-08-24 13:32:05,BR-3008,4300000
2,2026-08-24 14:00:52,BR-3054,4320000
2,2026-08-24 14:30:52,BR-3017,4330000
2,2026-08-24 14:56:40,BR-3019,4350000
2,2026-08-24 15:06:45,BR-3043,4400000
2,2026-08-24 15:26:58,BR-3054,4420000
2,2026-08-24 15:55:48,BR-3008,4430000
2,2026-08-24 16:03:35,BR-3029,4440000
2,2026-08-24 16:11:28,BR-3019,4450000
2,2026-08-24 16:20:46,BR-3008,4480000
2,2026-08-24 16:26:30,BR-3019,4490000
2,2026-08-24 16:31:43,BR-3002,4500000
2,2026-08-24 16:34:48,BR-3011,4530000
2,2026-08-24 16:39:24,BR-3015,4580000
2,2026-08-24 16:42:12,BR-3037,4600000
2,2026-08-24 16:50:24,BR-3022,4610000
2,2026-08-24 16:54:29,BR-3043,4630000
2,2026-08-24 16:58:30,BR-3054,4660000
2,2026-08-24 17:04:35,BR-3015,4680000
2,2026-08-24 17:12:31,BR-3043,4700000
2,2026-08-24 17:15:08,BR-3019,4710000
2,2026-08-24 17:24:08,BR-3022,4730000
2,2026-08-24 17:31:26,BR-3015,4740000
2,2026-08-24 17:35:49,BR-3002,4790000
2,2026-08-24 17:43:18,BR-3019,4800000
2,2026-08-24 17:48:17,BR-3011,4820000
2,2026-08-24 17:51:41,BR-3022,4830000
2,2026-08-24 17:59:18,BR-3011,4840000
2,2026-08-24 18:16:07,BR-3002,4890000
2,2026-08-24 18:20:20,BR-3037,4940000
2,2026-08-24 18:30:16,BR-3019,4960000
2,2026-08-24 18:39:22,BR-3011,4970000
2,2026-08-24 18:43:00,BR-3008,4990000
2,2026-08-24 18:47:47,BR-3015,5020000
2,2026-08-24 18:51:14,BR-3037,5045000
2,2026-08-24 18:54:55,BR-3028,5170000
2,2026-08-24 19:05:37,BR-3008,5195000
2,2026-08-24 19:06:13,BR-3043,5220000
2,2026-08-24 19:07:44,BR-3054,5245000
2,2026-08-24 19:12:40,BR-3028,5295000
2,2026-08-24 19:14:58,BR-3054,5345000
2,2026-08-24 19:16:55,BR-3043,5395000
2,2026-08-24 19:19:42,BR-3028,5420000
2,2026-08-24 19:20:44,BR-3043,5470000
2,2026-08-24 19:21:13,BR-3029,5545000
2,2026-08-24 19:22:06,BR-3043,5570000
2,2026-08-24 19:23:26,BR-3028,5595000
2,2026-08-24 19:25:29,BR-3043,5645000
2,2026-08-24 19:32:57,BR-3029,5720000
2,2026-08-24 19:35:56,BR-3028,5845000
2,2026-08-24 19:37:21,BR-3037,5870000
2,2026-08-24 19:37:58,BR-3043,5895000
2,2026-08-24 19:40:22,BR-3028,6020000
2,2026-08-24 19:42:36,BR-3043,6070000
2,2026-08-24 19:43:34,BR-3029,6195000
3,2026-08-24 13:48:01,BR-3051,625000
3,2026-08-24 13:56:25,BR-3015,635000
3,2026-08-24 14:15:16,BR-3051,660000
3,2026-08-24 14:34:03,BR-3015,665000
3,2026-08-24 14:56:15,BR-3051,675000
3,2026-08-24 15:20:40,BR-3023,685000
3,2026-08-24 15:33:12,BR-3015,695000
3,2026-08-24 15:48:06,BR-3023,710000
3,2026-08-24 15:50:59,BR-3030,715000
3,2026-08-24 15:53:18,BR-3049,740000
3,2026-08-24 15:59:12,BR-3029,745000
3,2026-08-24 16:04:05,BR-3015,750000
3,2026-08-24 16:12:37,BR-3049,765000
3,2026-08-24 16:21:19,BR-3030,790000
3,2026-08-24 16:23:45,BR-3049,815000
3,2026-08-24 16:39:10,BR-3029,825000
3,2026-08-24 16:45:44,BR-3049,830000
3,2026-08-24 16:53:12,BR-3029,835000
3,2026-08-24 17:05:55,BR-3030,840000
3,2026-08-24 17:12:59,BR-3049,850000
3,2026-08-24 17:17:54,BR-3029,855000
3,2026-08-24 17:23:23,BR-3049,880000
3,2026-08-24 17:25:37,BR-3029,885000
3,2026-08-24 17:31:18,BR-3049,890000
3,2026-08-24 17:35:28,BR-3030,915000
3,2026-08-24 17:47:41,BR-3029,920000
3,2026-08-24 17:50:42,BR-3030,935000
4,2026-08-25 09:38:36,BR-3005,2410000
4,2026-08-25 10:03:22,BR-3045,2420000
4,2026-08-25 10:14:09,BR-3007,2440000
4,2026-08-25 10:22:00,BR-3044,2460000
4,2026-08-25 10:45:11,BR-3005,2480000
4,2026-08-25 10:56:51,BR-3007,2500000
4,2026-08-25 11:24:49,BR-3045,2530000
4,2026-08-25 11:47:57,BR-3044,2540000
4,2026-08-25 12:12:00,BR-3007,2560000
4,2026-08-25 12:31:36,BR-3001,2570000
4,2026-08-25 12:59:44,BR-3007,2580000
4,2026-08-25 13:06:34,BR-3001,2590000
4,2026-08-25 13:16:15,BR-3019,2620000
4,2026-08-25 13:24:08,BR-3044,2640000
4,2026-08-25 13:33:26,BR-3019,2670000
4,2026-08-25 13:40:09,BR-3044,2700000
4,2026-08-25 13:48:47,BR-3007,2750000
4,2026-08-25 13:53:39,BR-3005,2760000
4,2026-08-25 13:59:23,BR-3044,2770000
4,2026-08-25 14:16:40,BR-3045,2780000
4,2026-08-25 14:25:33,BR-3040,2790000
4,2026-08-25 14:31:36,BR-3045,2800000
4,2026-08-25 14:38:19,BR-3040,2820000
4,2026-08-25 14:41:43,BR-3005,2830000
4,2026-08-25 14:48:10,BR-3044,2840000
4,2026-08-25 14:51:53,BR-3005,2850000
4,2026-08-25 14:57:01,BR-3044,2860000
4,2026-08-25 15:02:41,BR-3045,2870000
4,2026-08-25 15:05:51,BR-3044,2890000
4,2026-08-25 15:10:13,BR-3045,2940000
4,2026-08-25 15:15:06,BR-3005,2990000
4,2026-08-25 15:22:10,BR-3045,3040000
4,2026-08-25 15:24:50,BR-3005,3060000
4,2026-08-25 15:27:47,BR-3044,3080000
4,2026-08-25 15:31:02,BR-3045,3090000
4,2026-08-25 15:31:47,BR-3044,3100000
4,2026-08-25 15:35:51,BR-3045,3120000
4,2026-08-25 15:38:36,BR-3044,3130000
4,2026-08-25 15:39:29,BR-3045,3140000
4,2026-08-25 15:41:21,BR-3044,3160000
4,2026-08-25 15:42:49,BR-3045,3180000
4,2026-08-25 15:45:05,BR-3044,3190000
4,2026-08-25 15:47:52,BR-3045,3240000
4,2026-08-25 15:50:19,BR-3044,3260000
4,2026-08-25 15:52:35,BR-3045,3270000
4,2026-08-25 15:55:17,BR-3044,3280000
4,2026-08-25 15:56:32,BR-3045,3300000
4,2026-08-25 15:57:17,BR-3044,3320000
4,2026-08-25 15:58:56,BR-3045,3370000
4,2026-08-25 16:00:26,BR-3044,3400000
5,2026-08-25 11:35:59,BR-3029,288000
5,2026-08-25 12:02:46,BR-3027,291000
5,2026-08-25 12:23:47,BR-3034,293000
5,2026-08-25 12:46:10,BR-3027,298000
5,2026-08-25 13:00:32,BR-3023,299000
5,2026-08-25 13:05:04,BR-3018,300000
5,2026-08-25 13:13:20,BR-3023,302000
5,2026-08-25 13:15:58,BR-3018,303000
5,2026-08-25 13:22:24,BR-3044,305000
5,2026-08-25 13:25:41,BR-3028,307000
5,2026-08-25 13:32:46,BR-3029,308000
5,2026-08-25 13:37:49,BR-3018,311000
5,2026-08-25 13:42:06,BR-3027,312000
5,2026-08-25 13:51:07,BR-3029,313000
5,2026-08-25 13:55:30,BR-3018,318000
5,2026-08-25 13:57:39,BR-3053,319000
5,2026-08-25 14:02:15,BR-3033,320000
5,2026-08-25 14:04:27,BR-3034,321000
5,2026-08-25 14:11:21,BR-3029,324000
5,2026-08-25 14:18:42,BR-3028,326000
5,2026-08-25 14:19:17,BR-3023,328000
5,2026-08-25 14:20:07,BR-3034,329000
5,2026-08-25 14:21:16,BR-3029,330000
5,2026-08-25 14:22:42,BR-3028,332000
5,2026-08-25 14:24:41,BR-3053,333000
5,2026-08-25 14:26:14,BR-3014,335000
5,2026-08-25 14:30:06,BR-3029,337000
5,2026-08-25 14:32:28,BR-3027,339000
5,2026-08-25 14:35:00,BR-3029,340000
5,2026-08-25 14:38:00,BR-3034,341000
5,2026-08-25 14:40:48,BR-3044,343000
5,2026-08-25 14:41:34,BR-3033,346000
5,2026-08-25 14:43:52,BR-3014,347000
5,2026-08-25 14:45:22,BR-3028,348000
5,2026-08-25 14:46:48,BR-3014,350000
5,2026-08-25 14:48:12,BR-3027,355000
5,2026-08-25 14:50:39,BR-3044,360000
5,2026-08-25 14:51:11,BR-3028,361000
5,2026-08-25 14:55:04,BR-3014,362000
5,2026-08-25 14:57:30,BR-3029,367000
5,2026-08-25 15:01:33,BR-3028,372000
5,2026-08-25 15:03:58,BR-3044,375000
5,2026-08-25 15:05:23,BR-3027,376000
5,2026-08-25 15:06:37,BR-3044,377000
5,2026-08-25 15:08:51,BR-3028,378000
5,2026-08-25 15:09:35,BR-3027,380000
5,2026-08-25 15:11:00,BR-3044,381000
5,2026-08-25 15:13:29,BR-3034,382000
5,2026-08-25 15:16:09,BR-3028,385000
5,2026-08-25 15:18:23,BR-3029,387000
5,2026-08-25 15:19:05,BR-3034,388000
5,2026-08-25 15:21:22,BR-3033,390000
5,2026-08-25 15:24:20,BR-3029,391000
5,2026-08-25 15:26:27,BR-3044,392000
5,2026-08-25 15:28:50,BR-3027,393000
5,2026-08-25 15:31:20,BR-3028,396000
5,2026-08-25 15:33:56,BR-3027,398000
5,2026-08-25 15:35:41,BR-3044,399000
5,2026-08-25 15:39:57,BR-3034,400000
5,2026-08-25 15:41:52,BR-3033,402000
5,2026-08-25 15:45:48,BR-3034,403000
5,2026-08-25 15:48:32,BR-3044,405000
5,2026-08-25 15:51:23,BR-3033,410000
5,2026-08-25 15:52:41,BR-3044,413000
5,2026-08-25 15:54:33,BR-3033,416000
5,2026-08-25 15:56:31,BR-3034,417000
5,2026-08-25 15:57:17,BR-3044,422000
5,2026-08-25 15:58:57,BR-3034,424000
5,2026-08-25 16:02:54,BR-3044,427000
5,2026-08-25 16:04:33,BR-3033,429000
5,2026-08-25 16:08:30,BR-3044,434000
5,2026-08-25 16:09:38,BR-3033,437000
5,2026-08-25 16:11:55,BR-3044,439000
5,2026-08-25 16:13:37,BR-3033,442000
5,2026-08-25 16:15:44,BR-3044,443000
6,2026-08-25 13:59:23,BR-3039,765000
6,2026-08-25 13:59:29,BR-3039,770000
6,2026-08-25 14:21:36,BR-3044,775000
6,2026-08-25 14:50:03,BR-3039,785000
6,2026-08-25 15:11:09,BR-3044,790000
6,2026-08-25 15:37:02,BR-3039,795000
6,2026-08-25 15:40:53,BR-3044,805000
6,2026-08-25 15:45:07,BR-3053,815000
6,2026-08-25 15:48:16,BR-3044,825000
6,2026-08-25 15:56:02,BR-3039,830000
6,2026-08-25 15:58:28,BR-3044,840000
6,2026-08-25 16:07:09,BR-3027,845000
6,2026-08-25 16:10:15,BR-3017,855000
6,2026-08-25 16:15:52,BR-3039,865000
6,2026-08-25 16:20:13,BR-3045,875000
6,2026-08-25 16:25:15,BR-3044,880000
6,2026-08-25 16:32:03,BR-3045,890000
6,2026-08-25 16:37:48,BR-3039,900000
6,2026-08-25 16:43:33,BR-3044,925000
6,2026-08-25 16:49:47,BR-3027,930000
6,2026-08-25 16:55:59,BR-3044,935000
6,2026-08-25 17:01:55,BR-3027,940000
6,2026-08-25 17:04:11,BR-3039,950000
6,2026-08-25 17:06:37,BR-3044,960000
6,2026-08-25 17:08:09,BR-3039,975000
6,2026-08-25 17:09:00,BR-3044,980000
6,2026-08-25 17:11:01,BR-3027,985000
6,2026-08-25 17:13:53,BR-3045,990000
6,2026-08-25 17:14:52,BR-3044,1005000
6,2026-08-25 17:17:46,BR-3039,1015000
6,2026-08-25 17:18:36,BR-3044,1035000
6,2026-08-25 17:19:08,BR-3027,1065000
6,2026-08-25 17:22:52,BR-3044,1085000
6,2026-08-25 17:25:40,BR-3027,1095000
7,2026-08-26 10:03:38,BR-3034,3120000
7,2026-08-26 10:29:33,BR-3012,3130000
7,2026-08-26 10:51:20,BR-3034,3160000
7,2026-08-26 11:10:45,BR-3012,3180000
7,2026-08-26 11:34:36,BR-3043,3190000
7,2026-08-26 11:43:26,BR-3047,3200000
7,2026-08-26 11:54:11,BR-3032,3210000
7,2026-08-26 12:02:00,BR-3034,3230000
7,2026-08-26 12:23:17,BR-3012,3240000
7,2026-08-26 12:39:33,BR-3040,3260000
7,2026-08-26 12:56:15,BR-3052,3270000
7,2026-08-26 13:08:00,BR-3009,3280000
7,2026-08-26 13:16:27,BR-3034,3290000
7,2026-08-26 13:19:07,BR-3013,3340000
7,2026-08-26 13:23:43,BR-3012,3390000
7,2026-08-26 13:26:54,BR-3009,3410000
7,2026-08-26 13:29:49,BR-3047,3430000
7,2026-08-26 13:38:34,BR-3013,3460000
7,2026-08-26 13:43:43,BR-3040,3470000
7,2026-08-26 13:51:56,BR-3032,3480000
7,2026-08-26 13:58:33,BR-3040,3490000
7,2026-08-26 14:06:38,BR-3034,3520000
7,2026-08-26 14:13:27,BR-3013,3530000
7,2026-08-26 14:21:25,BR-3023,3560000
7,2026-08-26 14:28:25,BR-3013,3570000
7,2026-08-26 14:35:06,BR-3012,3580000
7,2026-08-26 14:43:21,BR-3013,3630000
7,2026-08-26 14:51:09,BR-3047,3650000
7,2026-08-26 15:05:57,BR-3009,3700000
7,2026-08-26 15:30:34,BR-3043,3720000
7,2026-08-26 15:39:20,BR-3034,3730000
7,2026-08-26 15:46:59,BR-3013,3740000
7,2026-08-26 15:56:28,BR-3040,3750000
7,2026-08-26 16:02:15,BR-3043,3780000
7,2026-08-26 16:07:37,BR-3010,3830000
7,2026-08-26 16:20:14,BR-3032,3840000
7,2026-08-26 16:22:32,BR-3034,3850000
7,2026-08-26 16:27:20,BR-3047,3870000
7,2026-08-26 16:27:55,BR-3043,3890000
7,2026-08-26 16:32:56,BR-3032,3910000
7,2026-08-26 16:33:57,BR-3047,3920000
7,2026-08-26 16:36:42,BR-3043,3930000
7,2026-08-26 16:39:26,BR-3034,3940000
7,2026-08-26 16:43:04,BR-3032,3960000
7,2026-08-26 16:46:31,BR-3034,3990000
7,2026-08-26 16:49:01,BR-3043,4040000
7,2026-08-26 16:51:01,BR-3034,4090000
7,2026-08-26 16:52:45,BR-3032,4120000
7,2026-08-26 16:55:25,BR-3043,4170000
7,2026-08-26 16:58:18,BR-3032,4180000
7,2026-08-26 16:59:28,BR-3034,4190000
7,2026-08-26 17:00:10,BR-3043,4220000
7,2026-08-26 17:01:57,BR-3032,4270000
7,2026-08-26 17:03:47,BR-3034,4280000
7,2026-08-26 17:04:51,BR-3032,4290000
7,2026-08-26 17:05:18,BR-3043,4310000
7,2026-08-26 17:07:34,BR-3032,4360000
7,2026-08-26 17:08:26,BR-3043,4370000
7,2026-08-26 17:09:59,BR-3034,4380000
7,2026-08-26 17:12:12,BR-3043,4410000
7,2026-08-26 17:14:13,BR-3034,4420000
7,2026-08-26 17:16:29,BR-3032,4440000
7,2026-08-26 17:17:43,BR-3043,4450000
7,2026-08-26 17:19:27,BR-3032,4470000
7,2026-08-26 17:19:52,BR-3034,4480000
7,2026-08-26 17:22:32,BR-3043,4490000
7,2026-08-26 17:25:23,BR-3032,4510000
7,2026-08-26 17:27:49,BR-3034,4560000
7,2026-08-26 17:29:42,BR-3032,4570000
7,2026-08-26 17:32:15,BR-3034,4580000
7,2026-08-26 17:33:20,BR-3043,4590000
7,2026-08-26 17:33:49,BR-3034,4640000
7,2026-08-26 17:36:47,BR-3032,4660000
7,2026-08-26 17:38:28,BR-3043,4670000
7,2026-08-26 17:40:05,BR-3032,4680000
7,2026-08-26 17:42:11,BR-3034,4700000
7,2026-08-26 17:44:09,BR-3032,4720000
7,2026-08-26 17:45:59,BR-3034,4730000
7,2026-08-26 17:48:07,BR-3032,4740000
7,2026-08-26 17:50:37,BR-3034,4750000
7,2026-08-26 17:52:24,BR-3032,4770000
8,2026-08-26 11:40:14,BR-3047,1005000
8,2026-08-26 12:06:46,BR-3038,1035000
8,2026-08-26 12:16:00,BR-3057,1045000
8,2026-08-26 12:16:16,BR-3057,1055000
8,2026-08-26 12:16:33,BR-3057,1075000
8,2026-08-26 12:23:47,BR-3047,1125000
8,2026-08-26 12:52:29,BR-3057,1175000
8,2026-08-26 12:52:44,BR-3057,1185000
8,2026-08-26 12:52:59,BR-3057,1195000
8,2026-08-26 12:53:12,BR-3057,1205000
8,2026-08-26 13:06:42,BR-3038,1225000
8,2026-08-26 14:19:52,BR-3057,1235000
8,2026-08-26 14:20:04,BR-3057,1255000
8,2026-08-26 14:25:43,BR-3042,1275000
8,2026-08-26 14:32:34,BR-3038,1325000
8,2026-08-26 14:41:28,BR-3042,1345000
8,2026-08-26 14:46:56,BR-3038,1355000
8,2026-08-26 14:52:08,BR-3042,1365000
8,2026-08-26 14:59:10,BR-3038,1375000
8,2026-08-26 15:05:43,BR-3042,1385000
8,2026-08-26 15:14:27,BR-3038,1405000
8,2026-08-26 15:20:17,BR-3042,1425000
8,2026-08-26 15:34:35,BR-3042,1475000
8,2026-08-26 16:36:56,BR-3042,1485000
9,2026-08-26 14:59:44,BR-3049,1480000
9,2026-08-26 15:16:03,BR-3010,1490000
9,2026-08-26 15:24:30,BR-3032,1540000
9,2026-08-26 15:49:55,BR-3049,1570000
9,2026-08-26 16:09:18,BR-3015,1580000
9,2026-08-26 16:17:43,BR-3033,1630000
9,2026-08-26 16:23:44,BR-3049,1640000
9,2026-08-26 16:29:20,BR-3050,1670000
9,2026-08-26 16:34:27,BR-3019,1700000
9,2026-08-26 16:38:37,BR-3010,1710000
9,2026-08-26 16:41:10,BR-3050,1720000
9,2026-08-26 16:46:46,BR-3019,1730000
9,2026-08-26 16:49:32,BR-3032,1750000
9,2026-08-26 17:07:59,BR-3015,1760000
9,2026-08-26 17:12:09,BR-3049,1770000
9,2026-08-26 17:17:20,BR-3019,1780000
9,2026-08-26 17:29:38,BR-3033,1790000
9,2026-08-26 17:38:17,BR-3032,1810000
9,2026-08-26 17:42:59,BR-3049,1840000
9,2026-08-26 17:53:44,BR-3050,1870000
9,2026-08-26 18:03:12,BR-3032,1880000
9,2026-08-26 18:07:20,BR-3049,1900000
9,2026-08-26 18:16:19,BR-3032,1950000
9,2026-08-26 18:21:34,BR-3049,1970000
9,2026-08-26 18:28:37,BR-3050,1980000
9,2026-08-26 18:35:19,BR-3033,1990000
9,2026-08-26 18:40:52,BR-3050,2010000
9,2026-08-26 18:42:19,BR-3049,2030000
9,2026-08-26 18:44:51,BR-3033,2050000
9,2026-08-26 18:45:27,BR-3032,2060000
9,2026-08-26 18:45:56,BR-3049,2080000
9,2026-08-26 18:46:38,BR-3032,2100000
9,2026-08-26 18:48:47,BR-3033,2120000
9,2026-08-26 18:49:38,BR-3049,2140000
9,2026-08-26 18:54:50,BR-3032,2170000
10,2026-08-27 10:50:41,BR-3023,2780000
10,2026-08-27 14:05:59,BR-3059,2800000
10,2026-08-27 14:10:10,BR-3023,2820000
10,2026-08-27 14:17:34,BR-3025,2850000
10,2026-08-27 14:25:24,BR-3059,2860000
10,2026-08-27 14:30:15,BR-3023,2870000
10,2026-08-27 14:36:20,BR-3025,2880000
10,2026-08-27 14:40:37,BR-3059,2930000
10,2026-08-27 14:42:54,BR-3025,2960000
10,2026-08-27 14:48:57,BR-3023,2980000
10,2026-08-27 14:53:11,BR-3059,3030000
10,2026-08-27 14:59:53,BR-3025,3040000
10,2026-08-27 15:03:03,BR-3023,3050000
10,2026-08-27 15:11:19,BR-3059,3100000
10,2026-08-27 15:15:06,BR-3023,3150000
10,2026-08-27 15:19:19,BR-3025,3170000
10,2026-08-27 15:25:27,BR-3023,3180000
10,2026-08-27 15:29:16,BR-3025,3210000
10,2026-08-27 15:32:01,BR-3023,3220000
10,2026-08-27 15:34:15,BR-3059,3250000
10,2026-08-27 15:40:08,BR-3023,3280000
10,2026-08-27 15:42:55,BR-3059,3300000
10,2026-08-27 15:52:36,BR-3023,3320000
10,2026-08-27 15:56:47,BR-3059,3340000
10,2026-08-27 16:06:28,BR-3023,3370000
10,2026-08-27 16:18:45,BR-3059,3380000
10,2026-08-27 16:23:40,BR-3023,3410000
10,2026-08-27 16:30:40,BR-3059,3420000
10,2026-08-27 16:35:26,BR-3023,3430000
10,2026-08-27 16:37:50,BR-3059,3440000
10,2026-08-27 16:40:17,BR-3023,3450000
10,2026-08-27 16:49:03,BR-3059,3460000
10,2026-08-27 16:56:11,BR-3023,3480000
10,2026-08-27 17:03:06,BR-3059,3490000
11,2026-08-27 11:45:48,BR-3045,550000
11,2026-08-27 11:58:15,BR-3018,575000
11,2026-08-27 12:10:52,BR-3042,580000
11,2026-08-27 12:38:28,BR-3035,585000
11,2026-08-27 12:57:14,BR-3042,590000
11,2026-08-27 13:14:44,BR-3054,600000
11,2026-08-27 13:37:28,BR-3018,605000
11,2026-08-27 13:46:58,BR-3042,610000
11,2026-08-27 13:52:40,BR-3035,615000
11,2026-08-27 14:02:12,BR-3018,625000
11,2026-08-27 14:05:47,BR-3016,630000
11,2026-08-27 14:11:52,BR-3045,635000
11,2026-08-27 14:15:37,BR-3016,640000
11,2026-08-27 14:17:40,BR-3054,665000
11,2026-08-27 14:24:01,BR-3016,670000
11,2026-08-27 14:30:31,BR-3055,675000
11,2026-08-27 14:37:28,BR-3042,680000
11,2026-08-27 14:43:18,BR-3055,685000
11,2026-08-27 14:47:46,BR-3054,695000
11,2026-08-27 14:55:17,BR-3042,700000
11,2026-08-27 15:09:27,BR-3054,705000
11,2026-08-27 15:11:50,BR-3042,710000
11,2026-08-27 15:13:35,BR-3035,735000
11,2026-08-27 15:15:31,BR-3042,745000
11,2026-08-27 15:17:29,BR-3035,750000
12,2026-08-27 13:39:14,BR-3032,237000
12,2026-08-27 14:02:00,BR-3024,242000
12,2026-08-27 14:27:10,BR-3032,245000
12,2026-08-27 14:49:11,BR-3010,247000
12,2026-08-27 14:58:26,BR-3049,249000
12,2026-08-27 15:01:33,BR-3018,254000
12,2026-08-27 15:08:53,BR-3006,256000
12,2026-08-27 15:17:56,BR-3040,257000
12,2026-08-27 15:21:09,BR-3017,262000
12,2026-08-27 15:29:50,BR-3007,264000
12,2026-08-27 15:39:27,BR-3006,265000
12,2026-08-27 15:42:17,BR-3013,267000
12,2026-08-27 15:46:46,BR-3014,270000
12,2026-08-27 15:49:37,BR-3010,271000
12,2026-08-27 15:52:06,BR-3008,273000
12,2026-08-27 15:55:11,BR-3007,278000
12,2026-08-27 16:05:29,BR-3014,279000
12,2026-08-27 16:19:17,BR-3018,282000
12,2026-08-27 16:20:52,BR-3017,284000
12,2026-08-27 16:22:46,BR-3049,287000
12,2026-08-27 16:26:25,BR-3028,289000
12,2026-08-27 16:29:22,BR-3040,291000
12,2026-08-27 16:30:55,BR-3034,292000
12,2026-08-27 16:32:36,BR-3008,294000
12,2026-08-27 16:35:59,BR-3028,297000
12,2026-08-27 16:36:38,BR-3049,302000
12,2026-08-27 16:39:13,BR-3034,303000
12,2026-08-27 16:41:18,BR-3049,306000
12,2026-08-27 16:43:04,BR-3032,307000
12,2026-08-27 16:46:41,BR-3049,308000
12,2026-08-27 16:49:11,BR-3028,311000
12,2026-08-27 16:51:37,BR-3032,312000
12,2026-08-27 16:53:32,BR-3034,317000
12,2026-08-27 16:54:06,BR-3049,322000
12,2026-08-27 16:55:40,BR-3028,327000
12,2026-08-27 16:58:29,BR-3034,328000
12,2026-08-27 17:01:08,BR-3049,331000
12,2026-08-27 17:02:49,BR-3028,332000
12,2026-08-27 17:05:24,BR-3034,333000
12,2026-08-27 17:07:39,BR-3028,335000
12,2026-08-27 17:11:03,BR-3032,336000
12,2026-08-27 17:15:18,BR-3034,338000
12,2026-08-27 17:17:21,BR-3032,339000
12,2026-08-27 17:17:51,BR-3028,341000
12,2026-08-27 17:21:59,BR-3032,342000
12,2026-08-27 17:26:14,BR-3028,345000
12,2026-08-27 17:27:45,BR-3032,346000
12,2026-08-27 17:30:07,BR-3034,347000
12,2026-08-27 17:32:54,BR-3028,349000
12,2026-08-27 17:35:24,BR-3032,350000
13,2026-08-28 10:32:44,BR-3038,5625000
13,2026-08-28 11:11:59,BR-3035,5650000
13,2026-08-28 11:38:14,BR-3038,5675000
13,2026-08-28 11:50:07,BR-3010,5750000
13,2026-08-28 12:10:05,BR-3009,5800000
13,2026-08-28 12:23:52,BR-3035,5850000
13,2026-08-28 12:51:12,BR-3015,5875000
13,2026-08-28 13:01:45,BR-3050,5925000
13,2026-08-28 13:09:52,BR-3057,5950000
13,2026-08-28 13:10:01,BR-3057,5975000
13,2026-08-28 13:10:14,BR-3057,6000000
13,2026-08-28 13:10:31,BR-3057,6050000
13,2026-08-28 13:10:44,BR-3057,6100000
13,2026-08-28 13:10:56,BR-3057,6150000
13,2026-08-28 13:26:28,BR-3015,6175000
13,2026-08-28 13:48:39,BR-3035,6225000
13,2026-08-28 14:15:10,BR-3015,6250000
13,2026-08-28 14:27:01,BR-3009,6275000
13,2026-08-28 14:30:13,BR-3050,6325000
13,2026-08-28 14:37:13,BR-3038,6400000
13,2026-08-28 14:46:13,BR-3035,6450000
13,2026-08-28 14:52:29,BR-3010,6475000
13,2026-08-28 14:59:26,BR-3015,6525000
13,2026-08-28 15:07:42,BR-3046,6600000
13,2026-08-28 15:12:12,BR-3015,6625000
13,2026-08-28 15:18:53,BR-3009,6700000
13,2026-08-28 15:28:09,BR-3046,6750000
13,2026-08-28 15:50:31,BR-3030,6825000
13,2026-08-28 15:54:17,BR-3057,6875000
13,2026-08-28 16:04:08,BR-3040,6900000
13,2026-08-28 16:10:44,BR-3050,6925000
13,2026-08-28 16:12:59,BR-3035,6975000
13,2026-08-28 16:21:01,BR-3038,7000000
13,2026-08-28 16:28:01,BR-3050,7025000
13,2026-08-28 16:34:19,BR-3046,7100000
13,2026-08-28 16:37:13,BR-3057,7125000
13,2026-08-28 16:45:06,BR-3060,7250000
13,2026-08-28 16:53:14,BR-3035,7275000
13,2026-08-28 16:59:21,BR-3046,7300000
13,2026-08-28 17:03:36,BR-3050,7425000
13,2026-08-28 17:12:06,BR-3060,7450000
13,2026-08-28 17:35:29,BR-3030,7475000
13,2026-08-28 17:40:19,BR-3057,7500000
13,2026-08-28 17:49:06,BR-3060,7550000
13,2026-08-28 17:52:37,BR-3030,7575000
13,2026-08-28 17:55:52,BR-3057,7625000
13,2026-08-28 18:08:40,BR-3030,7650000
13,2026-08-28 18:20:07,BR-3057,7675000
13,2026-08-28 18:22:47,BR-3030,7725000
13,2026-08-28 18:29:23,BR-3057,7750000
13,2026-08-28 18:36:56,BR-3030,7775000
13,2026-08-28 18:39:46,BR-3057,7850000
13,2026-08-28 18:41:11,BR-3030,7875000
14,2026-08-28 11:15:03,BR-3042,1130000
14,2026-08-28 12:14:09,BR-3025,1150000
14,2026-08-28 12:36:50,BR-3042,1170000
14,2026-08-28 13:06:43,BR-3005,1200000
14,2026-08-28 13:31:59,BR-3042,1250000
14,2026-08-28 13:32:17,BR-3042,1270000
14,2026-08-28 13:49:29,BR-3025,1290000
14,2026-08-28 14:12:57,BR-3042,1300000
14,2026-08-28 14:58:22,BR-3025,1350000
14,2026-08-28 15:06:26,BR-3042,1370000
14,2026-08-28 15:08:52,BR-3040,1380000
14,2026-08-28 15:16:54,BR-3025,1400000
14,2026-08-28 15:18:59,BR-3040,1420000
14,2026-08-28 15:23:38,BR-3025,1440000
14,2026-08-28 15:27:19,BR-3040,1450000
14,2026-08-28 15:45:14,BR-3042,1460000
14,2026-08-28 15:49:21,BR-3040,1470000
14,2026-08-28 16:05:55,BR-3042,1520000
15,2026-08-28 13:53:26,BR-3005,1990000
15,2026-08-28 14:07:54,BR-3018,2040000
15,2026-08-28 14:19:52,BR-3005,2050000
15,2026-08-28 14:40:24,BR-3018,2080000
15,2026-08-28 15:04:25,BR-3005,2090000
15,2026-08-28 15:13:16,BR-3001,2110000
15,2026-08-28 15:42:32,BR-3021,2130000
15,2026-08-28 16:08:07,BR-3018,2150000
15,2026-08-28 16:15:15,BR-3005,2160000
15,2026-08-28 16:17:45,BR-3001,2210000
15,2026-08-28 16:20:36,BR-3018,2230000
15,2026-08-28 16:22:47,BR-3017,2240000
15,2026-08-28 16:29:34,BR-3021,2260000
15,2026-08-28 16:40:10,BR-3017,2290000
15,2026-08-28 16:43:46,BR-3015,2320000
15,2026-08-28 16:52:54,BR-3030,2370000
15,2026-08-28 16:56:41,BR-3015,2390000
15,2026-08-28 17:08:41,BR-3031,2420000
15,2026-08-28 17:18:01,BR-3015,2430000
15,2026-08-28 17:33:53,BR-3031,2440000
15,2026-08-28 17:41:49,BR-3015,2450000
15,2026-08-28 17:47:16,BR-3001,2500000
15,2026-08-28 17:58:30,BR-3021,2530000
15,2026-08-28 18:04:40,BR-3030,2550000
15,2026-08-28 18:12:02,BR-3031,2580000
15,2026-08-28 18:17:43,BR-3030,2600000
15,2026-08-28 18:29:05,BR-3031,2650000
15,2026-08-28 18:35:18,BR-3030,2660000
15,2026-08-28 18:42:31,BR-3031,2690000
15,2026-08-28 18:43:10,BR-3030,2720000
15,2026-08-28 18:45:36,BR-3031,2750000
15,2026-08-28 18:48:23,BR-3030,2760000
15,2026-08-28 18:50:31,BR-3031,2770000
15,2026-08-28 18:53:23,BR-3030,2820000
15,2026-08-28 18:54:27,BR-3031,2830000
16,2026-08-29 09:20:16,BR-3041,79000
16,2026-08-29 09:48:39,BR-3046,80000
16,2026-08-29 10:11:00,BR-3041,80500
16,2026-08-29 10:29:41,BR-3037,81500
16,2026-08-29 10:34:50,BR-3046,82000
16,2026-08-29 10:43:35,BR-3024,84500
16,2026-08-29 10:48:15,BR-3019,86000
16,2026-08-29 10:53:25,BR-3035,86500
16,2026-08-29 10:56:04,BR-3046,87500
16,2026-08-29 11:02:36,BR-3019,89000
16,2026-08-29 11:07:04,BR-3035,91500
16,2026-08-29 11:16:33,BR-3046,92000
16,2026-08-29 11:23:14,BR-3024,93000
16,2026-08-29 11:32:36,BR-3037,95500
16,2026-08-29 11:33:15,BR-3041,96500
16,2026-08-29 11:34:03,BR-3048,97000
16,2026-08-29 11:35:17,BR-3041,98500
16,2026-08-29 11:36:06,BR-3032,101000
16,2026-08-29 11:39:47,BR-3041,102000
16,2026-08-29 11:40:52,BR-3046,103000
16,2026-08-29 11:44:01,BR-3032,104000
16,2026-08-29 11:45:14,BR-3037,105000
16,2026-08-29 11:48:33,BR-3032,106000
16,2026-08-29 11:50:34,BR-3046,108000
16,2026-08-29 11:55:23,BR-3032,111000
17,2026-08-29 11:31:30,BR-3041,471000
17,2026-08-29 11:55:13,BR-3010,472000
17,2026-08-29 12:24:22,BR-3031,475000
17,2026-08-29 12:34:56,BR-3010,476000
17,2026-08-29 12:56:30,BR-3031,477000
17,2026-08-29 13:22:06,BR-3041,479000
17,2026-08-29 13:29:15,BR-3031,481000
17,2026-08-29 13:33:49,BR-3010,484000
17,2026-08-29 13:42:39,BR-3019,489000
17,2026-08-29 13:45:05,BR-3043,490000
17,2026-08-29 13:50:16,BR-3047,491000
17,2026-08-29 13:55:27,BR-3031,492000
17,2026-08-29 14:01:22,BR-3019,494000
17,2026-08-29 14:04:41,BR-3010,497000
17,2026-08-29 14:08:37,BR-3041,502000
17,2026-08-29 14:12:46,BR-3010,527000
17,2026-08-29 14:18:15,BR-3047,532000
17,2026-08-29 14:21:58,BR-3019,547000
17,2026-08-29 14:25:53,BR-3041,572000
17,2026-08-29 14:28:36,BR-3031,577000
17,2026-08-29 14:35:25,BR-3041,582000
17,2026-08-29 14:38:17,BR-3043,587000
17,2026-08-29 14:50:26,BR-3005,592000
17,2026-08-29 14:56:33,BR-3047,602000
17,2026-08-29 15:06:42,BR-3031,627000
17,2026-08-29 15:10:21,BR-3043,642000
17,2026-08-29 15:12:51,BR-3031,647000
17,2026-08-29 15:13:32,BR-3043,672000
17,2026-08-29 15:16:02,BR-3031,697000
17,2026-08-29 15:16:47,BR-3043,712000
17,2026-08-29 15:18:43,BR-3031,722000
18,2026-08-29 13:56:14,BR-3051,167000
18,2026-08-29 14:03:42,BR-3059,172000
18,2026-08-29 14:22:35,BR-3051,177000
18,2026-08-29 14:45:07,BR-3059,178000
18,2026-08-29 15:11:57,BR-3030,181000
18,2026-08-29 15:15:08,BR-3059,183000
18,2026-08-29 15:20:13,BR-3044,185000
18,2026-08-29 15:28:48,BR-3030,190000
18,2026-08-29 15:32:00,BR-3044,191000
18,2026-08-29 15:35:03,BR-3059,192000
18,2026-08-29 15:37:59,BR-3030,195000
18,2026-08-29 15:42:32,BR-3044,196000
18,2026-08-29 15:52:27,BR-3059,197000
18,2026-08-29 15:55:11,BR-3044,202000
18,2026-08-29 15:59:00,BR-3030,203000
18,2026-08-29 16:05:52,BR-3044,205000
18,2026-08-29 16:10:08,BR-3030,207000
18,2026-08-29 16:13:07,BR-3044,208000
18,2026-08-29 16:15:50,BR-3030,209000
18,2026-08-29 16:18:26,BR-3044,211000
18,2026-08-29 16:20:10,BR-3030,212000
18,2026-08-29 16:23:08,BR-3044,214000
18,2026-08-29 16:25:11,BR-3030,216000
18,2026-08-29 16:26:35,BR-3044,218000
18,2026-08-29 16:27:24,BR-3030,220000
18,2026-08-29 16:29:10,BR-3044,221000
18,2026-08-29 16:30:50,BR-3030,223000
18,2026-08-29 16:31:37,BR-3044,224000
18,2026-08-29 16:34:01,BR-3030,225000
18,2026-08-29 16:35:04,BR-3044,230000
18,2026-08-29 16:37:43,BR-3030,231000
18,2026-08-29 16:39:18,BR-3044,234000
18,2026-08-29 16:42:06,BR-3030,235000
18,2026-08-29 16:44:06,BR-3044,236000
18,2026-08-29 16:45:57,BR-3030,241000
18,2026-08-29 16:47:29,BR-3044,242000
18,2026-08-29 16:49:42,BR-3030,247000
18,2026-08-29 16:50:26,BR-3044,248000
18,2026-08-29 16:52:49,BR-3030,250000
18,2026-08-29 16:55:32,BR-3044,251000
18,2026-08-29 16:58:22,BR-3030,252000
18,2026-08-29 16:59:28,BR-3044,257000
18,2026-08-29 17:01:15,BR-3030,258000
18,2026-08-29 17:04:06,BR-3044,259000
19,2026-08-30 09:33:50,BR-3014,3810000
19,2026-08-30 09:42:10,BR-3003,3840000
19,2026-08-30 09:52:06,BR-3014,3870000
19,2026-08-30 10:18:18,BR-3003,3890000
19,2026-08-30 10:48:07,BR-3014,3910000
19,2026-08-30 11:13:08,BR-3010,3920000
19,2026-08-30 11:27:44,BR-3014,3940000
19,2026-08-30 11:42:29,BR-3010,3950000
19,2026-08-30 12:00:29,BR-3003,3970000
19,2026-08-30 12:11:54,BR-3029,3980000
19,2026-08-30 12:20:31,BR-3058,4010000
19,2026-08-30 12:40:44,BR-3005,4020000
19,2026-08-30 12:48:19,BR-3010,4030000
19,2026-08-30 13:07:13,BR-3058,4080000
19,2026-08-30 13:14:55,BR-3003,4090000
19,2026-08-30 13:24:37,BR-3058,4140000
19,2026-08-30 13:24:49,BR-3058,4160000
19,2026-08-30 13:25:02,BR-3058,4180000
19,2026-08-30 13:25:18,BR-3058,4190000
19,2026-08-30 13:30:22,BR-3008,4240000
19,2026-08-30 13:33:28,BR-3014,4250000
19,2026-08-30 13:40:28,BR-3008,4260000
19,2026-08-30 13:48:08,BR-3058,4280000
19,2026-08-30 13:48:23,BR-3058,4300000
19,2026-08-30 13:48:41,BR-3058,4310000
19,2026-08-30 13:53:39,BR-3005,4330000
19,2026-08-30 14:12:51,BR-3014,4340000
19,2026-08-30 14:22:18,BR-3058,4370000
19,2026-08-30 14:22:30,BR-3058,4390000
19,2026-08-30 14:31:36,BR-3008,4420000
19,2026-08-30 14:39:13,BR-3054,4430000
19,2026-08-30 14:47:20,BR-3058,4440000
19,2026-08-30 14:51:33,BR-3005,4450000
19,2026-08-30 14:56:28,BR-3054,4460000
19,2026-08-30 15:05:03,BR-3058,4510000
19,2026-08-30 15:05:17,BR-3058,4520000
19,2026-08-30 15:10:06,BR-3003,4570000
19,2026-08-30 15:19:28,BR-3054,4590000
19,2026-08-30 15:40:37,BR-3029,4610000
19,2026-08-30 15:43:52,BR-3003,4620000
19,2026-08-30 15:50:22,BR-3058,4640000
19,2026-08-30 15:50:35,BR-3058,4650000
19,2026-08-30 15:50:42,BR-3058,4660000
19,2026-08-30 15:50:50,BR-3058,4680000
19,2026-08-30 15:58:02,BR-3054,4730000
19,2026-08-30 16:11:17,BR-3029,4740000
19,2026-08-30 16:19:21,BR-3054,4760000
19,2026-08-30 16:19:49,BR-3029,4770000
19,2026-08-30 16:21:58,BR-3054,4780000
19,2026-08-30 16:22:37,BR-3058,4830000
19,2026-08-30 16:22:54,BR-3058,4840000
19,2026-08-30 16:23:09,BR-3058,4860000
19,2026-08-30 16:23:15,BR-3058,4870000
19,2026-08-30 16:23:29,BR-3058,4880000
19,2026-08-30 16:23:36,BR-3058,4890000
19,2026-08-30 16:23:42,BR-3058,4900000
19,2026-08-30 16:26:09,BR-3029,4930000
19,2026-08-30 16:26:41,BR-3054,4950000
19,2026-08-30 16:28:50,BR-3058,5000000
19,2026-08-30 16:29:01,BR-3058,5050000
19,2026-08-30 16:29:14,BR-3058,5075000
19,2026-08-30 16:29:27,BR-3058,5100000
19,2026-08-30 16:29:34,BR-3058,5125000
19,2026-08-30 16:29:52,BR-3058,5175000
19,2026-08-30 16:34:45,BR-3029,5200000
20,2026-08-30 11:26:15,BR-3027,1630000
20,2026-08-30 12:32:29,BR-3013,1650000
20,2026-08-30 12:56:32,BR-3027,1670000
20,2026-08-30 13:09:49,BR-3013,1680000
20,2026-08-30 13:31:18,BR-3027,1730000
20,2026-08-30 13:53:34,BR-3013,1740000
20,2026-08-30 14:10:19,BR-3027,1760000
20,2026-08-30 14:36:31,BR-3041,1810000
20,2026-08-30 14:38:39,BR-3002,1840000
20,2026-08-30 14:54:02,BR-3041,1850000
20,2026-08-30 14:56:34,BR-3040,1860000
20,2026-08-30 15:03:26,BR-3042,1880000
20,2026-08-30 15:11:26,BR-3040,1900000
20,2026-08-30 15:19:57,BR-3024,1910000
20,2026-08-30 15:23:47,BR-3041,1920000
20,2026-08-30 15:26:34,BR-3040,1930000
20,2026-08-30 15:33:11,BR-3002,1940000
20,2026-08-30 15:37:22,BR-3042,1990000
20,2026-08-30 15:44:29,BR-3002,2000000
20,2026-08-30 15:48:47,BR-3041,2020000
20,2026-08-30 15:56:14,BR-3040,2030000
20,2026-08-30 15:58:28,BR-3042,2050000
20,2026-08-30 16:01:02,BR-3041,2060000
20,2026-08-30 16:07:06,BR-3042,2070000
20,2026-08-30 16:10:22,BR-3041,2100000
20,2026-08-30 16:16:45,BR-3027,2150000
20,2026-08-30 16:22:32,BR-3042,2160000
20,2026-08-30 16:25:49,BR-3027,2180000
20,2026-08-30 16:34:02,BR-3042,2200000
20,2026-08-30 16:43:56,BR-3027,2210000
20,2026-08-30 16:48:02,BR-3041,2220000
20,2026-08-30 16:51:28,BR-3042,2230000
20,2026-08-30 16:55:29,BR-3027,2240000
20,2026-08-30 16:58:43,BR-3041,2250000
20,2026-08-30 17:06:09,BR-3027,2260000
20,2026-08-30 17:14:50,BR-3042,2290000
20,2026-08-30 17:20:28,BR-3027,2300000
20,2026-08-30 17:25:28,BR-3042,2310000
20,2026-08-30 17:26:09,BR-3027,2320000
20,2026-08-30 17:27:26,BR-3042,2340000
20,2026-08-30 17:29:44,BR-3027,2350000
20,2026-08-30 17:31:43,BR-3042,2380000
20,2026-08-30 17:32:37,BR-3027,2400000
20,2026-08-30 17:34:05,BR-3042,2450000
21,2026-08-30 13:41:37,BR-3033,145000
21,2026-08-30 13:55:56,BR-3043,146000
21,2026-08-30 14:19:34,BR-3033,149000
21,2026-08-30 14:44:19,BR-3043,150000
21,2026-08-30 14:47:40,BR-3033,151000
21,2026-08-30 14:52:53,BR-3018,152000
21,2026-08-30 15:00:22,BR-3043,157000
21,2026-08-30 15:03:59,BR-3018,160000
21,2026-08-30 15:06:31,BR-3043,161000
21,2026-08-30 15:11:20,BR-3037,166000
21,2026-08-30 15:16:12,BR-3033,167000
21,2026-08-30 15:21:33,BR-3018,168000
21,2026-08-30 15:29:23,BR-3037,169000
21,2026-08-30 15:31:24,BR-3018,170000
21,2026-08-30 15:32:39,BR-3043,171000
21,2026-08-30 15:33:07,BR-3018,172000
21,2026-08-30 15:34:50,BR-3033,175000
21,2026-08-30 15:35:58,BR-3037,177000
21,2026-08-30 15:36:54,BR-3018,179000
21,2026-08-30 15:39:50,BR-3043,181000
21,2026-08-30 15:42:14,BR-3033,186000
21,2026-08-30 15:44:14,BR-3037,188000
21,2026-08-30 15:45:55,BR-3033,189000
21,2026-08-30 15:48:13,BR-3037,190000
21,2026-08-30 15:50:21,BR-3033,195000
21,2026-08-30 15:53:17,BR-3043,200000
22,2026-08-31 09:37:31,BR-3038,7525000
22,2026-08-31 09:54:43,BR-3058,7600000
22,2026-08-31 09:54:50,BR-3058,7650000
22,2026-08-31 10:13:49,BR-3038,7725000
22,2026-08-31 10:39:37,BR-3058,7775000
22,2026-08-31 10:39:45,BR-3058,7800000
22,2026-08-31 10:39:56,BR-3058,7825000
22,2026-08-31 10:40:12,BR-3058,7850000
22,2026-08-31 10:40:29,BR-3058,7900000
22,2026-08-31 10:40:40,BR-3058,7925000
22,2026-08-31 10:40:57,BR-3058,7950000
22,2026-08-31 10:41:11,BR-3058,8000000
22,2026-08-31 10:54:20,BR-3038,8025000
22,2026-08-31 11:05:24,BR-3058,8050000
22,2026-08-31 11:32:34,BR-3038,8075000
22,2026-08-31 11:53:50,BR-3058,8100000
22,2026-08-31 12:06:55,BR-3026,8125000
22,2026-08-31 12:31:16,BR-3058,8150000
22,2026-08-31 12:31:22,BR-3058,8175000
22,2026-08-31 12:43:26,BR-3037,8225000
22,2026-08-31 13:12:57,BR-3016,8250000
22,2026-08-31 13:26:59,BR-3026,8275000
22,2026-08-31 13:45:53,BR-3038,8400000
22,2026-08-31 14:02:18,BR-3017,8425000
22,2026-08-31 14:17:08,BR-3058,8475000
22,2026-08-31 14:17:19,BR-3058,8500000
22,2026-08-31 14:17:30,BR-3058,8525000
22,2026-08-31 14:17:42,BR-3058,8550000
22,2026-08-31 14:44:53,BR-3016,8675000
22,2026-08-31 14:50:22,BR-3044,8800000
22,2026-08-31 14:54:32,BR-3047,8925000
22,2026-08-31 14:58:24,BR-3037,9000000
22,2026-08-31 15:02:01,BR-3044,9125000
22,2026-08-31 15:11:19,BR-3037,9250000
22,2026-08-31 15:16:00,BR-3047,9275000
22,2026-08-31 15:19:01,BR-3037,9300000
22,2026-08-31 15:25:27,BR-3058,9325000
22,2026-08-31 15:50:23,BR-3044,9375000
22,2026-08-31 15:53:07,BR-3031,9400000
22,2026-08-31 15:59:50,BR-3037,9425000
22,2026-08-31 16:08:00,BR-3047,9450000
22,2026-08-31 16:11:29,BR-3031,9475000
22,2026-08-31 16:16:27,BR-3044,9550000
22,2026-08-31 16:20:48,BR-3047,9600000
22,2026-08-31 16:24:04,BR-3031,9650000
22,2026-08-31 16:33:54,BR-3047,9675000
22,2026-08-31 16:41:27,BR-3031,9725000
22,2026-08-31 16:45:04,BR-3047,9775000
22,2026-08-31 16:53:24,BR-3058,9800000
22,2026-08-31 16:53:38,BR-3058,9825000
22,2026-08-31 16:53:53,BR-3058,9850000
22,2026-08-31 16:54:01,BR-3058,9875000
22,2026-08-31 16:54:09,BR-3058,9900000
22,2026-08-31 16:54:17,BR-3058,9950000
22,2026-08-31 17:01:16,BR-3037,10025000
22,2026-08-31 17:07:23,BR-3044,10050000
22,2026-08-31 17:26:04,BR-3031,10075000
22,2026-08-31 17:29:01,BR-3037,10200000
22,2026-08-31 17:35:10,BR-3031,10225000
22,2026-08-31 17:53:07,BR-3044,10275000
22,2026-08-31 18:01:48,BR-3031,10350000
22,2026-08-31 18:08:19,BR-3044,10375000
22,2026-08-31 18:11:35,BR-3031,10425000
22,2026-08-31 18:16:23,BR-3044,10450000
22,2026-08-31 18:22:02,BR-3031,10475000
22,2026-08-31 18:31:17,BR-3044,10500000
22,2026-08-31 18:40:19,BR-3031,10550000
22,2026-08-31 18:40:45,BR-3044,10575000
22,2026-08-31 18:42:41,BR-3031,10600000
22,2026-08-31 18:44:30,BR-3044,10650000
22,2026-08-31 18:47:27,BR-3031,10725000
22,2026-08-31 18:48:03,BR-3044,10750000
22,2026-08-31 18:50:52,BR-3031,10875000
22,2026-08-31 18:51:39,BR-3044,10925000
22,2026-08-31 18:53:03,BR-3031,10975000
22,2026-08-31 18:53:57,BR-3044,11025000
22,2026-08-31 18:55:57,BR-3031,11075000
22,2026-08-31 18:58:14,BR-3044,11125000
