auction_id,event_time,bidder_id,bid_amount,has_conflict_of_interest,prior_unpaid_wins,guarantee_amount,prior_payment_defaults
1,2026-09-01 10:00:09,B001,201000,0,0,60000,0
1,2026-09-01 10:00:54,B002,207900,0,0,45000,0
1,2026-09-01 10:01:39,B003,215700,1,2,8000,1
1,2026-09-01 10:01:48,B004,224400,0,0,55000,0
1,2026-09-01 10:02:33,B005,234000,0,0,12000,2
1,2026-09-01 10:03:18,B003,244500,1,2,8000,1
1,2026-09-01 10:03:27,B001,255900,0,0,60000,0
1,2026-09-01 10:04:12,B005,268200,0,0,12000,2
2,2026-09-02 10:04:21,B001,216000,0,0,60000,0
2,2026-09-02 10:05:06,B002,222900,0,0,45000,0
2,2026-09-02 10:05:51,B003,230700,1,2,8000,1
2,2026-09-02 10:06:00,B004,239400,0,0,55000,0
2,2026-09-02 10:06:45,B005,249000,0,0,12000,2
2,2026-09-02 10:07:30,B003,259500,1,2,8000,1
2,2026-09-02 10:07:39,B001,270900,0,0,60000,0
2,2026-09-02 10:08:24,B005,283200,0,0,12000,2
3,2026-09-03 10:08:33,B001,231000,0,0,60000,0
3,2026-09-03 10:09:18,B002,237900,0,0,45000,0
3,2026-09-03 10:10:03,B003,245700,1,2,8000,1
3,2026-09-03 10:10:12,B004,254400,0,0,55000,0
3,2026-09-03 10:10:57,B005,264000,0,0,12000,2
3,2026-09-03 10:11:42,B003,274500,1,2,8000,1
3,2026-09-03 10:11:51,B001,285900,0,0,60000,0
3,2026-09-03 10:12:36,B005,298200,0,0,12000,2
